{"cameraMode":{"drawMode":0,"name":"Shaded","section":"Shading Mode"},"sceneLighting":true,"audioPlay":false,"sceneViewState":{"m_AlwaysRefresh":false,"showFog":true,"showSkybox":true,"showFlares":true,"showImageEffects":true,"showParticleSystems":true,"showVisualEffectGraphs":true,"m_FxEnabled":true},"in2DMode":false,"pivot":{"x":0.6066089868545532,"y":0.5215551853179932,"z":1.8668718338012696},"rotation":{"x":-0.3136923313140869,"y":0.06317371875047684,"z":-0.020925315096974374,"w":-0.9472039341926575},"size":3.1678764820098879,"orthographic":false}